1998/05/13,4997.373 ,4997.416 ,4997.460 ,4997.434 ,4997.399 ,4997.143 ,4997.190 ,4997.236 ,4997.223 ,4997.195 ,4996.867 ,4996.892 ,4996.944 ,4996.921 ,4996.899 ,4996.645 ,4996.679 ,4996.718 ,4996.666 ,4996.631
1998/06/05,4997.372 ,4997.413 ,4997.458 ,4997.433 ,4997.399 ,4997.143 ,4997.189 ,4997.236 ,4997.222 ,4997.194 ,4996.866 ,4996.892 ,4996.944 ,4996.920 ,4996.898 ,4996.642 ,4996.678 ,4996.715 ,4996.664 ,4996.630 
1998/06/20,4997.371 ,4997.413 ,4997.457 ,4997.432 ,4997.399 ,,,,,,,4996.891 ,4996.943 ,4996.919 ,4996.898 ,4996.641 ,4996.676 ,4996.714 ,4996.664 ,4996.628 
1998/07/05,4997.371 ,4997.413 ,4997.456 ,4997.433 ,4997.398 ,,,,,,,4996.890 ,4996.942 ,4996.918 ,4996.898 ,4996.639 ,4996.675 ,4996.712 ,4996.662 ,4996.627 
1998/07/22,4997.370 ,4997.411 ,4997.454 ,4997.431 ,4997.398 ,,,,,,,4996.889 ,4996.940 ,4996.915 ,4996.896 ,4996.637 ,4996.672 ,4996.710 ,4996.660 ,4996.624 
1998/08/05,4997.368 ,4997.409 ,4997.452 ,4997.430 ,4997.398 ,,,,,,,4996.889 ,4996.939 ,4996.915 ,4996.896 ,4996.637 ,4996.671 ,4996.710 ,4996.659 ,4996.624 
1998/08/20,4997.366 ,4997.406 ,4997.451 ,4997.429 ,4997.397 ,4997.139 ,4997.186 ,4997.235 ,4997.224 ,4997.192 ,4996.865 ,4996.889 ,4996.937 ,4996.914 ,4996.895 ,4996.637 ,4996.670 ,4996.709 ,4996.659 ,4996.623 
1998/09/05,4997.361 ,4997.406 ,4997.451 ,4997.427 ,4997.396 ,4997.139 ,4997.186 ,4997.235 ,4997.221 ,4997.190 ,4996.866 ,4996.889 ,4996.934 ,4996.912 ,4996.894 ,4996.627 ,4996.670 ,4996.707 ,4996.654 ,4996.615 
1998/09/20,4997.360 ,4997.406 ,4997.450 ,4997.428 ,4997.395 ,4997.139 ,4997.186 ,4997.234 ,4997.220 ,4997.190 ,4996.865 ,4996.889 ,4996.933 ,4996.910 ,4996.892 ,4996.627 ,4996.668 ,4996.704 ,4996.648 ,4996.606 
1998/10/05,4997.359 ,4997.405 ,4997.451 ,4997.428 ,4997.393 ,4997.139 ,4997.187 ,4997.236 ,4997.223 ,4997.192 ,4996.865 ,4996.887 ,4996.935 ,4996.911 ,4996.891 ,4996.629 ,4996.661 ,4996.700 ,4996.649 ,4996.606 
1998/10/20,4997.363 ,4997.404 ,4997.447 ,4997.428 ,4997.392 ,4997.139 ,4997.184 ,4997.235 ,4997.218 ,4997.189 ,4996.864 ,4996.888 ,4996.933 ,4996.908 ,4996.891 ,4996.630 ,4996.661 ,4996.700 ,4996.651 ,4996.609 
1998/11/05,4997.365 ,4997.405 ,4997.447 ,4997.427 ,4997.394 ,4997.139 ,4997.185 ,4997.234 ,4997.222 ,4997.189 ,4996.861 ,4996.886 ,4996.934 ,4996.908 ,4996.890 ,4996.631 ,4996.659 ,4996.697 ,4996.653 ,4996.611 
1998/11/20,4997.366 ,4997.405 ,4997.446 ,4997.423 ,4997.395 ,4997.139 ,4997.183 ,4997.233 ,4997.218 ,4997.191 ,4996.860 ,4996.886 ,4996.936 ,4996.909 ,4996.893 ,4996.634 ,4996.663 ,4996.695 ,4996.652 ,4996.614 
1998/12/05,4997.366 ,4997.406 ,4997.450 ,4997.424 ,4997.396 ,4997.139 ,4997.188 ,4997.236 ,4997.223 ,4997.191 ,4996.859 ,4996.889 ,4996.936 ,4996.912 ,4996.896 ,4996.634 ,4996.669 ,4996.694 ,4996.654 ,4996.616 
1998/12/20,4997.367 ,4997.409 ,4997.455 ,4997.428 ,4997.397 ,4997.139 ,4997.188 ,4997.236 ,4997.224 ,4997.194 ,4996.861 ,4996.891 ,4996.939 ,4996.916 ,4996.899 ,4996.636 ,4996.674 ,4996.703 ,4996.658 ,4996.623 
1999/01/05,4997.382 ,4997.420 ,4997.468 ,4997.440 ,4997.411 ,4997.141 ,4997.193 ,4997.232 ,4997.227 ,4997.196 ,4996.864 ,4996.893 ,4996.944 ,4996.918 ,4996.898 ,4996.639 ,4996.678 ,4996.709 ,4996.660 ,4996.625 
1999/01/20,4997.385 ,4997.419 ,4997.470 ,4997.440 ,4997.413 ,4997.143 ,4997.204 ,4997.236 ,4997.228 ,4997.199 ,4996.865 ,4996.893 ,4996.944 ,4996.918 ,4996.898 ,4996.640 ,4996.678 ,4996.711 ,4996.663 ,4996.626 
1999/02/05,4997.384 ,4997.418 ,4997.470 ,4997.439 ,4997.413 ,4997.146 ,4997.206 ,4997.242 ,4997.231 ,4997.200 ,4996.861 ,4996.892 ,4996.942 ,4996.916 ,4996.898 ,4996.640 ,4996.680 ,4996.713 ,4996.663 ,4996.627 
1999/02/20,4997.382 ,4997.417 ,4997.468 ,4997.438 ,4997.410 ,4997.150 ,4997.207 ,4997.242 ,4997.230 ,4997.200 ,4996.858 ,4996.892 ,4996.937 ,4996.913 ,4996.894 ,4996.640 ,4996.680 ,4996.713 ,4996.662 ,4996.626 
1999/03/05,4997.381 ,4997.418 ,4997.467 ,4997.437 ,4997.411 ,4997.151 ,4997.209 ,4997.246 ,4997.230 ,4997.200 ,4996.856 ,4996.888 ,4996.934 ,4996.910 ,4996.889 ,4996.638 ,4996.678 ,4996.714 ,4996.662 ,4996.626 
1999/03/20,4997.379 ,4997.416 ,4997.465 ,4997.437 ,4997.408 ,4997.151 ,4997.206 ,4997.242 ,4997.228 ,4997.201 ,4996.857 ,4996.887 ,4996.932 ,4996.908 ,4996.888 ,4996.637 ,4996.677 ,4996.713 ,4996.647 ,4996.614 
1999/04/05,4997.379 ,4997.416 ,4997.463 ,4997.437 ,4997.408 ,4997.152 ,4997.204 ,4997.241 ,4997.223 ,4997.201 ,4996.856 ,4996.886 ,4996.933 ,4996.904 ,4996.886 ,4996.625 ,4996.658 ,4996.698 ,4996.640 ,4996.606 
1999/04/20,4997.368 ,4997.405 ,4997.448 ,4997.429 ,4997.399 ,4997.148 ,4997.184 ,4997.228 ,4997.214 ,4997.182 ,4996.850 ,4996.878 ,4996.931 ,4996.901 ,4996.881 ,4996.620 ,4996.655 ,4996.694 ,4996.635 ,4996.595 
1999/05/05,4997.367 ,4997.405 ,4997.446 ,4997.427 ,4997.397 ,4997.144 ,4997.183 ,4997.223 ,4997.209 ,4997.180 ,4996.846 ,4996.877 ,4996.929 ,4996.901 ,4996.880 ,4996.613 ,4996.652 ,4996.692 ,4996.632 ,4996.593 
1999/05/20,4997.365 ,4997.402 ,4997.447 ,4997.424 ,4997.393 ,4997.144 ,4997.182 ,4997.223 ,4997.210 ,4997.179 ,4996.846 ,4996.876 ,4996.928 ,4996.900 ,4996.879 ,4996.612 ,4996.651 ,4996.691 ,4996.631 ,4996.592 
1999/06/05,4997.364 ,4997.402 ,4997.447 ,4997.423 ,4997.390 ,4997.142 ,4997.183 ,4997.223 ,4997.208 ,4997.180 ,4996.848 ,4996.877 ,4996.928 ,4996.901 ,4996.878 ,4996.612 ,4996.650 ,4996.691 ,4996.631 ,4996.593 
1999/06/20,4997.363 ,4997.402 ,4997.445 ,4997.423 ,4997.390 ,4997.140 ,4997.182 ,4997.222 ,4997.206 ,4997.179 ,4996.848 ,4996.879 ,4996.928 ,4996.901 ,4996.879 ,4996.611 ,4996.651 ,4996.690 ,4996.631 ,4996.593 
1999/07/05,4997.361 ,4997.402 ,4997.446 ,4997.423 ,4997.389 ,4997.139 ,4997.183 ,4997.218 ,4997.207 ,4997.175 ,4996.848 ,4996.876 ,4996.925 ,4996.901 ,4996.876 ,4996.611 ,4996.649 ,4996.691 ,4996.631 ,4996.592 
1999/07/20,4997.356 ,4997.400 ,4997.445 ,4997.422 ,4997.387 ,4997.139 ,4997.183 ,4997.210 ,4997.206 ,4997.177 ,4996.848 ,4996.875 ,4996.925 ,4996.899 ,4996.877 ,4996.610 ,4996.649 ,4996.691 ,4996.632 ,4996.594 
1999/08/05,4997.355 ,4997.398 ,4997.444 ,4997.421 ,4997.387 ,4997.138 ,4997.181 ,4997.210 ,4997.200 ,4997.175 ,4996.848 ,4996.875 ,4996.926 ,4996.899 ,4996.876 ,4996.611 ,4996.650 ,4996.692 ,4996.632 ,4996.594 
1999/08/20,4997.353 ,4997.397 ,4997.444 ,4997.420 ,4997.387 ,4997.139 ,4997.181 ,4997.205 ,4997.198 ,4997.168 ,4996.849 ,4996.878 ,4996.927 ,4996.901 ,4996.879 ,4996.613 ,4996.651 ,4996.691 ,4996.633 ,4996.594 
1999/09/04,4997.353 ,4997.397 ,4997.443 ,4997.418 ,4997.386 ,4997.138 ,4997.180 ,4997.204 ,4997.199 ,4997.170 ,4996.850 ,4996.877 ,4996.928 ,4996.901 ,4996.878 ,4996.611 ,4996.651 ,4996.690 ,4996.633 ,4996.594 
1999/09/19,4997.351 ,4997.394 ,4997.442 ,4997.418 ,4997.385 ,4997.136 ,4997.180 ,4997.204 ,4997.196 ,4997.168 ,4996.849 ,4996.877 ,4996.927 ,4996.902 ,4996.879 ,4996.613 ,4996.650 ,4996.690 ,4996.632 ,4996.594 
1999/10/06,4997.339 ,4997.387 ,4997.431 ,4997.405 ,4997.368 ,4997.128 ,4997.173 ,4997.205 ,4997.193 ,4997.149 ,4996.849 ,4996.877 ,4996.927 ,4996.900 ,4996.875 ,4996.611 ,4996.649 ,4996.688 ,4996.633 ,4996.595 
1999/10/20,4997.336 ,4997.382 ,4997.425 ,4997.398 ,4997.363 ,4997.126 ,4997.170 ,4997.202 ,4997.188 ,4997.144 ,4996.843 ,4996.874 ,4996.923 ,4996.895 ,4996.867 ,4996.611 ,4996.647 ,4996.682 ,4996.630 ,4996.586 
1999/11/07,4997.334 ,4997.377 ,4997.419 ,4997.394 ,4997.359 ,4997.124 ,4997.168 ,4997.200 ,4997.184 ,4997.139 ,4996.838 ,4996.868 ,4996.916 ,4996.888 ,4996.859 ,4996.603 ,4996.638 ,4996.671 ,4996.625 ,4996.577 
1999/11/21,4997.331 ,4997.371 ,4997.412 ,4997.390 ,4997.353 ,4997.126 ,4997.167 ,4997.199 ,4997.181 ,4997.137 ,4996.836 ,4996.862 ,4996.911 ,4996.884 ,4996.856 ,4996.599 ,4996.633 ,4996.669 ,4996.620 ,4996.572 
1999/12/05,4997.330 ,4997.367 ,4997.410 ,4997.389 ,4997.353 ,4997.123 ,4997.165 ,4997.197 ,4997.181 ,4997.138 ,4996.836 ,4996.859 ,4996.910 ,4996.884 ,4996.855 ,4996.597 ,4996.629 ,4996.667 ,4996.617 ,4996.573 
1999/12/19,4997.331 ,4997.367 ,4997.411 ,4997.387 ,4997.354 ,4997.127 ,4997.166 ,4997.199 ,4997.183 ,4997.140 ,4996.836 ,4996.859 ,4996.910 ,4996.884 ,4996.858 ,4996.598 ,4996.632 ,4996.668 ,4996.617 ,4996.574 
2000/01/05,4997.332 ,4997.366 ,4997.412 ,4997.386 ,4997.354 ,4997.130 ,4997.167 ,4997.201 ,4997.185 ,4997.141 ,4996.833 ,4996.860 ,4996.911 ,4996.884 ,4996.858 ,4996.600 ,4996.633 ,4996.670 ,4996.620 ,4996.578 
2000/01/20,4997.332 ,4997.364 ,4997.413 ,4997.384 ,4997.354 ,4997.124 ,4997.167 ,4997.198 ,4997.183 ,4997.141 ,4996.829 ,4996.859 ,4996.909 ,4996.883 ,4996.856 ,4996.600 ,4996.631 ,4996.670 ,4996.620 ,4996.579 
2000/02/05,4997.332 ,4997.364 ,4997.414 ,4997.384 ,4997.354 ,4997.123 ,4997.164 ,4997.198 ,4997.183 ,4997.142 ,4996.829 ,4996.858 ,4996.907 ,4996.881 ,4996.858 ,4996.600 ,4996.631 ,4996.669 ,4996.621 ,4996.578 
2000/02/19,4997.332 ,4997.364 ,4997.413 ,4997.384 ,4997.356 ,4997.123 ,4997.165 ,4997.198 ,4997.183 ,4997.143 ,4996.830 ,4996.856 ,4996.906 ,4996.882 ,4996.857 ,4996.599 ,4996.629 ,4996.668 ,4996.618 ,4996.579 
2000/03/07,4997.333 ,4997.366 ,4997.412 ,4997.387 ,4997.357 ,4997.126 ,4997.165 ,4997.200 ,4997.186 ,4997.141 ,4996.831 ,4996.857 ,4996.907 ,4996.882 ,4996.857 ,4996.598 ,4996.628 ,4996.666 ,4996.617 ,4996.578 
2000/03/20,4997.331 ,4997.366 ,4997.411 ,4997.386 ,4997.353 ,4997.123 ,4997.166 ,4997.200 ,4997.184 ,4997.141 ,4996.830 ,4996.857 ,4996.907 ,4996.882 ,4996.857 ,4996.598 ,4996.628 ,4996.666 ,4996.614 ,4996.577 
2000/04/05,4997.331 ,4997.366 ,4997.411 ,4997.385 ,4997.352 ,4997.126 ,4997.165 ,4997.198 ,4997.182 ,4997.142 ,4996.830 ,4996.856 ,4996.907 ,4996.882 ,4996.856 ,4996.597 ,4996.626 ,4996.662 ,4996.612 ,4996.576 
2000/04/20,4997.331 ,4997.364 ,4997.410 ,4997.384 ,4997.350 ,4997.121 ,4997.164 ,4997.197 ,4997.182 ,4997.141 ,4996.829 ,4996.855 ,4996.905 ,4996.882 ,4996.856 ,4996.594 ,4996.624 ,4996.662 ,4996.610 ,4996.571 
2000/05/07,4997.327 ,4997.364 ,4997.406 ,4997.380 ,4997.349 ,4997.128 ,4997.168 ,4997.210 ,4997.190 ,4997.153 ,4996.826 ,4996.854 ,4996.904 ,4996.876 ,4996.849 ,4996.588 ,4996.622 ,4996.661 ,4996.608 ,4996.569 
2000/05/21,4997.321 ,4997.359 ,4997.403 ,4997.379 ,4997.348 ,4997.125 ,4997.166 ,4997.208 ,4997.184 ,4997.147 ,4996.823 ,4996.853 ,4996.903 ,4996.875 ,4996.848 ,4996.587 ,4996.620 ,4996.660 ,4996.608 ,4996.568 
2000/06/04,4997.318 ,4997.358 ,4997.401 ,4997.374 ,4997.341 ,4997.123 ,4997.163 ,4997.204 ,4997.183 ,4997.146 ,4996.817 ,4996.850 ,4996.900 ,4996.871 ,4996.844 ,4996.582 ,4996.616 ,4996.655 ,4996.603 ,4996.563 
2000/06/20,4997.312 ,4997.358 ,4997.402 ,4997.376 ,4997.342 ,4997.122 ,4997.163 ,4997.206 ,4997.184 ,4997.146 ,4996.818 ,4996.851 ,4996.902 ,4996.872 ,4996.844 ,4996.583 ,4996.618 ,4996.657 ,4996.603 ,4996.564 
2000/07/05,4997.317 ,4997.360 ,4997.403 ,4997.377 ,4997.343 ,4997.121 ,4997.165 ,4997.206 ,4997.185 ,4997.147 ,4996.817 ,4996.850 ,4996.899 ,4996.877 ,4996.845 ,4996.578 ,4996.619 ,4996.658 ,4996.605 ,4996.564 
2000/07/20,4997.314 ,4997.357 ,4997.401 ,4997.375 ,4997.342 ,4997.120 ,4997.161 ,4997.203 ,4997.183 ,4997.142 ,4996.817 ,4996.849 ,4996.899 ,4996.871 ,4996.844 ,4996.578 ,4996.617 ,4996.656 ,4996.602 ,4996.563 
2000/08/05,4997.308 ,4997.354 ,4997.398 ,4997.371 ,4997.334 ,4997.117 ,4997.160 ,4997.201 ,4997.180 ,4997.139 ,4996.816 ,4996.849 ,4996.899 ,4996.870 ,4996.842 ,4996.579 ,4996.616 ,4996.655 ,4996.602 ,4996.561 
2000/08/19,4997.307 ,4997.356 ,4997.400 ,4997.374 ,4997.339 ,4997.120 ,4997.162 ,4997.204 ,4997.182 ,4997.142 ,4996.815 ,4996.847 ,4996.897 ,4996.870 ,4996.841 ,4996.578 ,4996.616 ,4996.654 ,4996.601 ,4996.561 
2000/09/05,4997.312 ,4997.356 ,4997.400 ,4997.374 ,4997.340 ,4997.118 ,,,4997.180 ,4997.141 ,4996.813 ,4996.847 ,4996.897 ,4996.869 ,4996.841 ,4996.576 ,4996.615 ,4996.654 ,4996.601 ,4996.561 
2000/09/22,4997.305 ,4997.351 ,4997.401 ,4997.370 ,4997.335 ,4997.114 ,,,4997.178 ,4997.137 ,4996.810 ,4996.843 ,4996.893 ,4996.865 ,4996.841 ,4996.572 ,4996.609 ,4996.651 ,4996.597 ,4996.556 
2000/10/05,4997.301 ,4997.347 ,4997.397 ,4997.369 ,4997.333 ,4997.114 ,,,4997.177 ,4997.136 ,4996.810 ,4996.848 ,4996.895 ,4996.866 ,4996.837 ,4996.573 ,4996.610 ,4996.650 ,4996.597 ,4996.556 
2000/10/20,4997.291 ,4997.339 ,4997.388 ,4997.362 ,4997.328 ,4997.109 ,,,4997.174 ,4997.135 ,4996.800 ,4996.836 ,4996.886 ,4996.859 ,4996.833 ,4996.561 ,4996.602 ,4996.642 ,4996.589 ,4996.552 
2000/11/05,4997.286 ,4997.333 ,4997.383 ,4997.357 ,4997.325 ,4997.107 ,4997.163 ,4997.204 ,4997.170 ,4997.131 ,4996.794 ,4996.831 ,4996.884 ,4996.858 ,4996.834 ,4996.560 ,4996.597 ,4996.638 ,4996.588 ,4996.549 
2000/11/21,4997.284 ,4997.326 ,4997.376 ,4997.351 ,4997.323 ,4997.104 ,4997.161 ,4997.202 ,4997.170 ,4997.133 ,4996.793 ,4996.827 ,4996.879 ,4996.854 ,4996.832 ,4996.554 ,4996.590 ,4996.633 ,4996.584 ,4996.549 
2000/12/05,4997.285 ,4997.325 ,4997.379 ,4997.354 ,4997.325 ,4997.104 ,4997.162 ,4997.204 ,4997.170 ,4997.134 ,4996.793 ,4996.834 ,4996.882 ,4996.856 ,4996.835 ,4996.558 ,4996.593 ,4996.635 ,4996.586 ,4996.549 
2000/12/19,4997.279 ,4997.321 ,4997.374 ,4997.350 ,4997.323 ,4997.104 ,4997.161 ,4997.200 ,4997.171 ,4997.133 ,4996.789 ,4996.825 ,4996.875 ,4996.850 ,4996.827 ,4996.547 ,4996.588 ,4996.630 ,4996.581 ,4996.545 
2001/01/06,4997.277 ,4997.320 ,4997.373 ,4997.350 ,4997.321 ,4997.101 ,4997.159 ,4997.197 ,4997.172 ,4997.132 ,4996.788 ,4996.821 ,4996.875 ,4996.850 ,4996.825 ,4996.549 ,4996.587 ,4996.627 ,4996.577 ,4996.542 
2001/01/18,4997.277 ,4997.317 ,4997.373 ,4997.348 ,4997.320 ,4997.100 ,4997.158 ,4997.198 ,4997.168 ,4997.131 ,4996.786 ,4996.818 ,4996.876 ,4996.849 ,4996.826 ,4996.548 ,4996.583 ,4996.627 ,4996.577 ,4996.543 
2001/02/06,4997.276 ,4997.321 ,4997.376 ,4997.351 ,4997.323 ,4997.101 ,4997.160 ,4997.201 ,4997.166 ,4997.131 ,4996.792 ,4996.824 ,4996.879 ,4996.854 ,4996.832 ,4996.547 ,4996.584 ,4996.630 ,4996.580 ,4996.544 
2001/02/20,4997.277 ,4997.317 ,4997.372 ,4997.347 ,4997.317 ,4997.098 ,4997.156 ,4997.200 ,4997.166 ,4997.130 ,4996.786 ,4996.824 ,4996.876 ,4996.852 ,4996.830 ,4996.544 ,4996.582 ,4996.625 ,4996.576 ,4996.538 
2001/03/05,4997.274 ,4997.318 ,4997.372 ,4997.347 ,4997.317 ,4997.096 ,4997.155 ,4997.196 ,4997.163 ,4997.130 ,4996.785 ,4996.821 ,4996.873 ,4996.850 ,4996.830 ,4996.544 ,4996.581 ,4996.623 ,4996.572 ,4996.538 
2001/03/18,4997.278 ,4997.319 ,4997.374 ,4997.350 ,4997.320 ,4997.098 ,4997.158 ,4997.198 ,4997.169 ,4997.133 ,4996.788 ,4996.825 ,4996.875 ,4996.853 ,4996.832 ,4996.548 ,4996.584 ,4996.627 ,4996.575 ,4996.541 
2001/04/06,4997.275 ,4997.316 ,4997.370 ,4997.346 ,4997.317 ,4997.095 ,4997.154 ,4997.195 ,4997.166 ,4997.131 ,4996.785 ,4996.821 ,4996.875 ,4996.850 ,4996.831 ,4996.543 ,4996.579 ,4996.623 ,4996.575 ,4996.541 
2001/04/20,4997.274 ,4997.315 ,4997.369 ,4997.346 ,4997.315 ,4997.096 ,4997.153 ,4997.192 ,4997.163 ,4997.128 ,4996.787 ,4996.821 ,4996.872 ,4996.848 ,4996.826 ,4996.542 ,4996.579 ,4996.623 ,4996.571 ,4996.537 
2001/05/04,4997.272 ,4997.313 ,4997.367 ,4997.344 ,4997.312 ,4997.092 ,4997.151 ,4997.192 ,4997.161 ,4997.125 ,4996.783 ,4996.820 ,4996.872 ,4996.848 ,4996.826 ,4996.541 ,4996.579 ,4996.621 ,4996.570 ,4996.537 
2001/05/18,4997.271 ,4997.311 ,4997.364 ,4997.341 ,4997.311 ,4997.091 ,4997.148 ,4997.189 ,4997.159 ,4997.122 ,4996.781 ,4996.817 ,4996.869 ,4996.845 ,4996.821 ,4996.538 ,4996.577 ,4996.619 ,4996.569 ,4996.534 
2001/06/06,4997.271 ,4997.314 ,4997.367 ,4997.343 ,4997.312 ,4997.090 ,4997.147 ,4997.188 ,4997.156 ,4997.123 ,4996.782 ,4996.816 ,4996.871 ,4996.844 ,4996.822 ,4996.539 ,4996.579 ,4996.622 ,4996.572 ,4996.537 
2001/06/19,4997.268 ,4997.312 ,4997.364 ,4997.341 ,4997.309 ,4997.089 ,4997.146 ,4997.187 ,4997.155 ,4997.121 ,4996.780 ,4996.814 ,4996.869 ,4996.843 ,4996.820 ,4996.538 ,4996.578 ,4996.621 ,4996.570 ,4996.536 
2001/07/04,4997.265 ,4997.310 ,4997.360 ,4997.338 ,4997.305 ,4997.088 ,4997.144 ,4997.185 ,4997.154 ,4997.118 ,4996.778 ,4996.812 ,4996.867 ,4996.841 ,4996.817 ,4996.537 ,4996.576 ,4996.619 ,4996.567 ,4996.534 
2001/07/20,4997.263 ,4997.309 ,4997.360 ,4997.339 ,4997.305 ,4997.088 ,4997.145 ,4997.184 ,4997.155 ,4997.120 ,4996.777 ,4996.813 ,4996.867 ,4996.841 ,4996.817 ,4996.536 ,4996.575 ,4996.619 ,4996.567 ,4996.532 
2001/08/05,4997.261 ,4997.308 ,4997.360 ,4997.339 ,4997.304 ,4997.087 ,4997.146 ,4997.183 ,4997.155 ,4997.121 ,4996.776 ,4996.814 ,4996.866 ,4996.840 ,4996.816 ,4996.534 ,4996.573 ,4996.618 ,4996.566 ,4996.529 
2001/08/19,4997.259 ,4997.306 ,4997.358 ,4997.336 ,4997.302 ,4997.086 ,4997.143 ,4997.184 ,4997.155 ,4997.117 ,4996.773 ,4996.809 ,4996.865 ,4996.838 ,4996.814 ,4996.531 ,4996.571 ,4996.615 ,4996.564 ,4996.530 
2001/09/05,4997.258 ,4997.305 ,4997.359 ,4997.338 ,4997.302 ,4997.084 ,4997.142 ,4997.185 ,4997.155 ,4997.115 ,4996.772 ,4996.812 ,4996.864 ,4996.838 ,4996.813 ,4996.529 ,4996.571 ,4996.615 ,4996.564 ,4996.529 
2001/09/19,4997.261 ,4997.304 ,4997.356 ,4997.335 ,4997.300 ,4997.083 ,4997.140 ,4997.182 ,4997.154 ,4997.113 ,4996.770 ,4996.807 ,4996.862 ,4996.837 ,4996.812 ,4996.528 ,4996.570 ,4996.614 ,4996.562 ,4996.528 
2001/10/07,4997.254 ,4997.302 ,4997.355 ,4997.333 ,4997.299 ,4997.082 ,4997.141 ,4997.178 ,4997.153 ,4997.112 ,4996.768 ,4996.806 ,4996.862 ,4996.836 ,4996.810 ,4996.524 ,4996.569 ,4996.611 ,4996.561 ,4996.526 
2001/10/19,4997.254 ,4997.299 ,4997.351 ,4997.329 ,4997.302 ,4997.083 ,4997.139 ,4997.180 ,4997.149 ,4997.115 ,4996.769 ,4996.805 ,4996.861 ,4996.834 ,4996.810 ,4996.527 ,4996.565 ,4996.610 ,4996.561 ,4996.526 
2001/11/06,4997.245 ,4997.291 ,4997.344 ,4997.324 ,4997.293 ,4997.080 ,4997.136 ,4997.178 ,4997.146 ,4997.108 ,4996.762 ,4996.799 ,4996.855 ,4996.829 ,4996.803 ,4996.518 ,4996.559 ,4996.603 ,4996.553 ,4996.517 
2001/11/20,4997.241 ,4997.288 ,4997.341 ,4997.320 ,4997.290 ,4997.081 ,4997.135 ,4997.178 ,4997.148 ,4997.109 ,4996.761 ,4996.797 ,4996.854 ,4996.829 ,4996.803 ,4996.519 ,4996.562 ,4996.600 ,4996.553 ,4996.517 
2001/12/17,4997.229 ,4997.281 ,4997.335 ,4997.314 ,4997.288 ,4997.075 ,4997.130 ,4997.173 ,4997.143 ,4997.105 ,4996.754 ,4996.793 ,4996.849 ,4996.825 ,4996.800 ,4996.511 ,4996.552 ,4996.595 ,4996.547 ,4996.511 
2002/01/04,4997.236 ,4997.280 ,4997.332 ,4997.312 ,4997.283 ,4997.074 ,4997.129 ,4997.168 ,4997.142 ,4997.103 ,4996.751 ,4996.788 ,4996.845 ,4996.822 ,4996.797 ,4996.508 ,4996.549 ,4996.593 ,4996.542 ,4996.508 
2002/01/20,4997.232 ,4997.279 ,4997.332 ,4997.313 ,4997.287 ,4997.073 ,4997.130 ,4997.172 ,4997.143 ,4997.105 ,4996.754 ,4996.789 ,4996.846 ,4996.822 ,4996.798 ,4996.509 ,4996.548 ,4996.591 ,4996.546 ,4996.510 
2002/02/05,4997.230 ,4997.276 ,4997.330 ,4997.311 ,4997.284 ,4997.070 ,4997.126 ,4997.169 ,4997.143 ,4997.102 ,4996.750 ,4996.786 ,4996.843 ,4996.819 ,4996.795 ,4996.505 ,4996.545 ,4996.588 ,4996.543 ,4996.507 
2002/02/21,4997.228 ,4997.273 ,4997.328 ,4997.309 ,4997.281 ,4997.067 ,4997.123 ,4997.167 ,4997.143 ,4997.100 ,4996.746 ,4996.783 ,4996.840 ,4996.816 ,4996.793 ,4996.501 ,4996.542 ,4996.586 ,4996.540 ,4996.504 
2002/03/06,4997.233 ,4997.278 ,4997.332 ,4997.312 ,4997.287 ,4997.071 ,4997.127 ,4997.168 ,4997.140 ,4997.103 ,4996.750 ,4996.787 ,4996.843 ,4996.820 ,4996.797 ,4996.506 ,4996.546 ,4996.591 ,4996.542 ,4996.509 
2002/03/21,4997.233 ,4997.278 ,4997.331 ,4997.311 ,4997.286 ,4997.070 ,4997.125 ,4997.169 ,4997.145 ,4997.103 ,4996.751 ,4996.787 ,4996.843 ,4996.820 ,4996.796 ,4996.507 ,4996.546 ,4996.590 ,4996.543 ,4996.508 
2002/04/07,4997.233 ,4997.276 ,4997.331 ,4997.309 ,4997.286 ,4997.071 ,4997.125 ,4997.168 ,4997.140 ,4997.105 ,4996.753 ,4996.784 ,4996.843 ,4996.818 ,4996.798 ,4996.508 ,4996.544 ,4996.587 ,4996.541 ,4996.504 
2002/04/21,4997.231 ,4997.277 ,4997.326 ,4997.308 ,4997.286 ,4997.071 ,4997.127 ,4997.170 ,4997.146 ,4997.101 ,4996.741 ,4996.780 ,4996.835 ,4996.812 ,4996.784 ,4996.507 ,4996.536 ,4996.577 ,4996.531 ,4996.507 
2002/05/05,4997.228 ,4997.273 ,4997.327 ,4997.308 ,4997.282 ,4997.065 ,4997.123 ,4997.165 ,4997.141 ,4997.099 ,4996.748 ,4996.785 ,4996.842 ,4996.815 ,4996.792 ,4996.505 ,4996.542 ,4996.587 ,4996.538 ,4996.506 
2002/05/21,4997.228 ,4997.274 ,4997.326 ,4997.306 ,4997.278 ,4997.064 ,4997.120 ,4997.164 ,4997.138 ,4997.096 ,4996.744 ,4996.781 ,4996.840 ,4996.812 ,4996.789 ,4996.499 ,4996.539 ,4996.585 ,4996.535 ,4996.502 
2002/06/05,4997.226 ,4997.273 ,4997.325 ,4997.306 ,4997.278 ,4997.063 ,4997.120 ,4997.164 ,4997.138 ,4997.095 ,4996.745 ,4996.781 ,4996.840 ,4996.813 ,4996.789 ,4996.499 ,4996.540 ,4996.585 ,4996.536 ,4996.502 
2002/06/22,4997.223 ,4997.272 ,4997.324 ,4997.306 ,4997.277 ,4997.062 ,4997.119 ,4997.163 ,4997.137 ,4997.094 ,4996.745 ,4996.780 ,4996.839 ,4996.814 ,4996.789 ,4996.499 ,4996.541 ,4996.585 ,4996.537 ,4996.502 
2002/07/06,4997.216 ,4997.269 ,4997.323 ,4997.305 ,4997.274 ,4997.064 ,4997.123 ,4997.165 ,4997.136 ,4997.097 ,4996.740 ,4996.770 ,4996.835 ,4996.804 ,4996.782 ,4996.495 ,4996.540 ,4996.580 ,4996.536 ,4996.500 
2002/07/21,4997.223 ,4997.273 ,4997.325 ,4997.306 ,4997.274 ,4997.065 ,4997.119 ,4997.163 ,4997.134 ,4997.093 ,4996.733 ,4996.770 ,4996.831 ,4996.801 ,4996.780 ,4996.495 ,4996.536 ,4996.585 ,4996.526 ,4996.504 
2002/08/05,4997.219 ,4997.271 ,4997.324 ,4997.305 ,4997.273 ,4997.063 ,4997.119 ,4997.162 ,4997.133 ,4997.093 ,4996.731 ,4996.767 ,4996.835 ,4996.811 ,4996.780 ,4996.492 ,4996.534 ,4996.580 ,4996.526 ,4996.500 
2002/08/18,4997.215 ,4997.269 ,4997.322 ,4997.303 ,4997.271 ,4997.060 ,4997.118 ,4997.160 ,4997.131 ,4997.092 ,4996.736 ,4996.780 ,4996.840 ,4996.815 ,4996.786 ,4996.494 ,4996.534 ,4996.583 ,4996.533 ,4996.497 
2002/09/07,4997.216 ,4997.267 ,4997.321 ,4997.302 ,4997.270 ,4997.058 ,4997.117 ,4997.161 ,4997.130 ,4997.090 ,4996.738 ,4996.776 ,4996.843 ,4996.812 ,4996.784 ,4996.493 ,4996.536 ,4996.582 ,4996.533 ,4996.499 
2002/09/21,4997.215 ,4997.268 ,4997.322 ,4997.302 ,4997.271 ,4997.057 ,4997.116 ,4997.160 ,4997.130 ,4997.090 ,4996.741 ,4996.781 ,4996.837 ,4996.812 ,4996.785 ,4996.491 ,4996.536 ,4996.583 ,4996.534 ,4996.499 
2002/10/05,4997.217 ,4997.264 ,4997.321 ,4997.301 ,4997.266 ,4997.052 ,4997.116 ,4997.159 ,4997.129 ,4997.090 ,4996.737 ,4996.780 ,4996.836 ,4996.810 ,4996.783 ,4996.488 ,4996.537 ,4996.582 ,4996.532 ,4996.496 
2002/10/19,4997.213 ,4997.260 ,4997.317 ,4997.299 ,4997.267 ,4997.047 ,4997.114 ,4997.157 ,4997.127 ,4997.085 ,4996.735 ,4996.777 ,4996.836 ,4996.809 ,4996.780 ,4996.487 ,4996.533 ,4996.580 ,4996.529 ,4996.493 
2002/11/04,,4997.255 ,4997.315 ,4997.295 ,4997.263 ,,4997.113 ,4997.155 ,4997.123 ,4997.083 ,4996.737 ,4996.775 ,4996.833 ,4996.808 ,4996.778 ,,4996.529 ,4996.578 ,4996.528 ,4996.493 
2002/11/23,4997.196 ,4997.247 ,4997.308 ,4997.289 ,4997.255 ,4997.047 ,4997.107 ,4997.150 ,4997.122 ,4997.082 ,4996.724 ,4996.768 ,4996.828 ,4996.802 ,4996.776 ,4996.476 ,4996.523 ,4996.572 ,4996.525 ,4996.490 
2002/12/05,4997.192 ,4997.247 ,4997.307 ,4997.289 ,4997.257 ,4997.048 ,4997.106 ,4997.151 ,4997.122 ,4997.082 ,4996.723 ,4996.767 ,4996.828 ,4996.802 ,4996.776 ,4996.476 ,4996.523 ,4996.572 ,4996.525 ,4996.490 
2002/12/18,4997.188 ,4997.246 ,4997.306 ,4997.288 ,4997.258 ,4997.046 ,4997.105 ,4997.152 ,4997.122 ,4997.081 ,4996.722 ,4996.766 ,4996.827 ,4996.802 ,4996.776 ,4996.475 ,4996.522 ,4996.572 ,4996.525 ,4996.489 
2002/12/18,4997.188 ,4997.246 ,4997.306 ,4997.288 ,4997.258 ,4997.046 ,4997.105 ,4997.152 ,4997.122 ,4997.081 ,4996.722 ,4996.766 ,4996.827 ,4996.802 ,4996.776 ,4996.475 ,4996.522 ,4996.572 ,4996.525 ,4996.489 
2003/01/04,4997.190 ,4997.241 ,4997.303 ,4997.286 ,4997.253 ,4997.046 ,4997.103 ,4997.147 ,4997.119 ,4997.077 ,4996.720 ,4996.763 ,4996.821 ,4996.798 ,4996.773 ,4996.470 ,4996.519 ,4996.568 ,4996.521 ,4996.486 
2003/01/18,4997.190 ,4997.240 ,4997.304 ,4997.285 ,4997.253 ,4997.043 ,4997.100 ,4997.147 ,4997.115 ,4997.079 ,4996.713 ,4996.761 ,4996.821 ,4996.799 ,4996.772 ,4996.468 ,4996.519 ,4996.565 ,4996.520 ,4996.483 
2003/02/27,4997.191 ,4997.245 ,4997.305 ,4997.287 ,4997.259 ,4997.045 ,4997.103 ,4997.147 ,4997.120 ,4997.081 ,4996.715 ,4996.763 ,4996.821 ,4996.800 ,4996.775 ,4996.470 ,4996.516 ,4996.567 ,4996.522 ,4996.489 
2003/03/08,4997.188 ,4997.243 ,4997.302 ,4997.287 ,4997.255 ,4997.038 ,4997.100 ,4997.146 ,4997.118 ,4997.077 ,4996.715 ,4996.759 ,4996.820 ,4996.796 ,4996.773 ,4996.465 ,4996.514 ,4996.563 ,4996.519 ,4996.485 
2003/04/06,4997.192 ,4997.240 ,4997.297 ,4997.286 ,4997.256 ,4997.042 ,4997.097 ,4997.139 ,4997.117 ,4997.080 ,4996.717 ,4996.760 ,4996.819 ,4996.795 ,4996.773 ,4996.467 ,4996.513 ,4996.562 ,4996.515 ,4996.484 
2003/04/21,4997.188 ,4997.243 ,4997.301 ,4997.285 ,4997.253 ,4997.045 ,4997.098 ,4997.145 ,4997.116 ,4997.076 ,4996.710 ,4996.762 ,4996.820 ,4996.799 ,4996.771 ,4996.467 ,4996.513 ,4996.564 ,4996.517 ,4996.482 
2003/05/08,4997.185 ,4997.240 ,4997.297 ,4997.282 ,4997.252 ,4997.041 ,4997.096 ,4997.141 ,4997.114 ,4997.075 ,4996.712 ,4996.758 ,4996.817 ,4996.794 ,4996.768 ,4996.464 ,4996.511 ,4996.562 ,4996.514 ,4996.480 
2003/05/22,4997.185 ,4997.240 ,4997.299 ,4997.283 ,4997.251 ,4997.037 ,4997.096 ,4997.142 ,4997.114 ,4997.072 ,4996.710 ,4996.759 ,4996.818 ,4996.794 ,4996.767 ,4996.461 ,4996.511 ,4996.562 ,4996.513 ,4996.479 
2003/06/09,4997.186 ,4997.237 ,4997.296 ,4997.280 ,4997.246 ,4997.034 ,4997.096 ,4997.139 ,4997.112 ,4997.071 ,4996.707 ,4996.756 ,4996.814 ,4996.791 ,4996.763 ,4996.460 ,4996.508 ,4996.561 ,4996.511 ,4996.478 
2003/06/21,4997.189 ,4997.240 ,4997.295 ,4997.279 ,4997.249 ,4997.033 ,4997.096 ,4997.140 ,4997.110 ,4997.073 ,4996.708 ,4996.755 ,4996.815 ,4996.789 ,4996.763 ,4996.461 ,4996.510 ,4996.561 ,4996.514 ,4996.478 
2003/07/06,4997.188 ,4997.238 ,4997.297 ,4997.282 ,4997.246 ,4997.035 ,4997.095 ,4997.139 ,4997.112 ,4997.072 ,4996.706 ,4996.756 ,4996.816 ,4996.792 ,4996.765 ,4996.460 ,4996.510 ,4996.561 ,4996.514 ,4996.479 
2003/07/19,4997.185 ,4997.235 ,4997.296 ,4997.281 ,4997.246 ,4997.033 ,4997.093 ,4997.138 ,4997.112 ,4997.071 ,4996.706 ,4996.756 ,4996.816 ,4996.790 ,4996.764 ,4996.455 ,4996.509 ,4996.558 ,4996.512 ,4996.475 
2003/07/20,,,,,,,,,,,,,,,,,,,,
2003/07/21,,,,,,,,,,,,,,,,,,,,
2003/07/22,,,,,,,,,,,,,,,,,,,,
2003/07/23,,,,,,,,,,,,,,,,,,,,
2003/10/08,4997.193 ,4997.243 ,4997.306 ,4997.291 ,4997.255 ,4997.036 ,4997.096 ,4997.138 ,4997.114 ,4997.072 ,4996.693 ,4996.744 ,4996.806 ,4996.784 ,4996.757 ,4996.437 ,4996.491 ,4996.543 ,4996.498 ,4996.460 
2003/10/19,4997.193 ,4997.243 ,4997.306 ,4997.291 ,4997.255 ,4997.036 ,4997.096 ,4997.140 ,4997.115 ,4997.073 ,4996.693 ,4996.745 ,4996.805 ,4996.784 ,4996.756 ,4996.435 ,4996.491 ,4996.542 ,4996.496 ,4996.458 
2003/11/05,4997.193 ,4997.244 ,4997.305 ,4997.292 ,4997.254 ,4997.036 ,4997.096 ,4997.141 ,4997.115 ,4997.073 ,4996.695 ,4996.746 ,4996.807 ,4996.786 ,4996.758 ,4996.434 ,4996.489 ,4996.540 ,4996.495 ,4996.460 
2003/11/20,4997.194 ,4997.243 ,4997.308 ,4997.293 ,4997.256 ,4997.034 ,4997.096 ,4997.139 ,4997.115 ,4997.070 ,4996.696 ,4996.747 ,4996.809 ,4996.788 ,4996.759 ,4996.432 ,4996.488 ,4996.536 ,4996.498 ,4996.460 
2003/12/05,4997.194 ,4997.243 ,4997.308 ,4997.292 ,4997.256 ,4997.036 ,4997.095 ,4997.140 ,4997.116 ,4997.072 ,4996.697 ,4996.748 ,4996.809 ,4996.789 ,4996.759 ,4996.432 ,4996.492 ,4996.537 ,4996.497 ,4996.461 
2003/12/19,4997.193 ,4997.243 ,4997.308 ,4997.291 ,4997.256 ,4997.037 ,4997.096 ,4997.140 ,4997.116 ,4997.073 ,4996.696 ,4996.747 ,4996.809 ,4996.789 ,4996.758 ,4996.433 ,4996.492 ,4996.537 ,4996.498 ,4996.461 
2004/01/17,4997.193 ,4997.243 ,4997.306 ,4997.291 ,4997.255 ,4997.036 ,4997.096 ,4997.140 ,4997.115 ,4997.073 ,4996.693 ,4996.745 ,4996.805 ,4996.784 ,4996.756 ,4996.435 ,4996.491 ,4996.538 ,4996.496 ,4996.458 
2004/02/20,4997.190 ,4997.240 ,4997.303 ,4997.289 ,4997.253 ,4997.033 ,4997.092 ,4997.136 ,4997.112 ,4997.072 ,4996.688 ,4996.740 ,4996.800 ,4996.780 ,4996.753 ,4996.430 ,4996.485 ,4996.536 ,4996.490 ,4996.454 
2004/03/20,4997.188 ,4997.240 ,4997.303 ,4997.289 ,4997.254 ,4997.030 ,4997.089 ,4997.133 ,4997.111 ,4997.067 ,4996.692 ,4996.741 ,4996.797 ,4996.780 ,4996.753 ,4996.433 ,4996.485 ,4996.537 ,4996.492 ,4996.456 
2004/04/19,4997.190 ,4997.238 ,4997.302 ,4997.289 ,4997.252 ,4997.032 ,4997.092 ,4997.137 ,4997.114 ,4997.068 ,4996.691 ,4996.740 ,4996.795 ,4996.779 ,4996.751 ,4996.430 ,4996.486 ,4996.535 ,4996.489 ,4996.453 
2004/05/19,4997.186 ,4997.235 ,4997.297 ,4997.283 ,4997.244 ,4997.031 ,4997.090 ,4997.134 ,4997.110 ,4997.065 ,4996.685 ,4996.739 ,4996.799 ,4996.777 ,4996.748 ,4996.430 ,4996.487 ,4996.534 ,4996.490 ,4996.452 
2004/06/24,4997.182 ,4997.233 ,4997.295 ,4997.282 ,4997.242 ,4997.027 ,4997.086 ,4997.130 ,4997.107 ,4997.061 ,4996.680 ,4996.735 ,4996.796 ,4996.774 ,4996.744 ,4996.427 ,4996.479 ,4996.529 ,4996.484 ,4996.446 
2004/07/21,4997.181 ,4997.230 ,4997.294 ,4997.280 ,4997.240 ,4997.025 ,4997.084 ,4997.128 ,4997.107 ,4997.062 ,4996.681 ,4996.734 ,4996.795 ,4996.773 ,4996.745 ,4996.424 ,4996.481 ,4996.528 ,4996.485 ,4996.447 
2004/08/24,4997.178 ,4997.228 ,4997.293 ,4997.280 ,4997.240 ,4997.023 ,4997.081 ,4997.124 ,4997.105 ,4997.061 ,4996.678 ,4996.732 ,4996.794 ,4996.772 ,4996.745 ,4996.422 ,4996.478 ,4996.528 ,4996.483 ,4996.447 
2004/09/20,4997.176 ,4997.226 ,4997.290 ,4997.280 ,4997.240 ,4997.019 ,4997.076 ,4997.124 ,4997.104 ,4997.061 ,4996.675 ,4996.728 ,4996.792 ,4996.771 ,4996.745 ,4996.420 ,4996.474 ,4996.526 ,4996.483 ,4996.447 
2004/10/18,4997.169 ,4997.222 ,4997.286 ,4997.278 ,4997.242 ,4997.007 ,4997.064 ,4997.114 ,4997.099 ,4997.062 ,4996.663 ,4996.714 ,4996.783 ,4996.766 ,4996.746 ,4996.412 ,4996.464 ,4996.519 ,4996.481 ,4996.448 
2004/11/22,4997.153 ,4997.202 ,4997.274 ,4997.271 ,4997.246 ,4996.989 ,4997.046 ,4997.101 ,4997.091 ,4997.062 ,4996.647 ,4996.700 ,4996.773 ,4996.759 ,4996.745 ,4996.400 ,4996.451 ,4996.506 ,4996.471 ,4996.446 
2004/12/20,4997.148 ,4997.196 ,4997.271 ,4997.268 ,4997.247 ,4996.982 ,4997.039 ,4997.095 ,4997.086 ,4997.059 ,4996.640 ,4996.694 ,4996.767 ,4996.756 ,4996.742 ,4996.395 ,4996.446 ,4996.505 ,4996.468 ,4996.446 
2005/01/18,4997.145 ,4997.198 ,4997.267 ,4997.266 ,4997.244 ,4996.981 ,4997.038 ,4997.094 ,4997.085 ,4997.061 ,4996.640 ,4996.690 ,4996.764 ,4996.756 ,4996.739 ,4996.395 ,4996.450 ,4996.500 ,4996.466 ,4996.441 
2005/02/20,4997.144 ,4997.192 ,4997.265 ,4997.264 ,4997.244 ,4996.978 ,4997.035 ,4997.089 ,4997.082 ,4997.059 ,4996.634 ,4996.687 ,4996.760 ,4996.750 ,4996.738 ,4996.388 ,4996.441 ,4996.500 ,4996.465 ,4996.441 
2005/03/20,4997.143 ,4997.192 ,4997.265 ,4997.264 ,4997.244 ,4996.980 ,4997.035 ,4997.091 ,4997.084 ,4997.058 ,4996.635 ,4996.688 ,4996.762 ,4996.751 ,4996.737 ,4996.391 ,4996.443 ,4996.502 ,4996.467 ,4996.444 
2005/04/19,4997.148 ,4997.194 ,4997.266 ,4997.266 ,4997.243 ,4996.982 ,4997.036 ,4997.089 ,4997.083 ,4997.058 ,4996.638 ,4996.689 ,4996.763 ,4996.752 ,4996.738 ,4996.395 ,4996.444 ,4996.503 ,4996.468 ,4996.443 
2005/05/20,4997.143 ,4997.190 ,4997.263 ,4997.263 ,4997.236 ,4996.979 ,4997.033 ,4997.089 ,4997.081 ,4997.053 ,4996.633 ,4996.686 ,4996.761 ,4996.749 ,4996.733 ,4996.388 ,4996.440 ,4996.500 ,4996.464 ,4996.439 
2005/06/20,4997.141 ,4997.191 ,4997.264 ,4997.262 ,4997.234 ,4996.977 ,4997.033 ,4997.088 ,4997.082 ,4997.048 ,4996.634 ,4996.689 ,4996.764 ,4996.752 ,4996.735 ,4996.392 ,4996.442 ,4996.504 ,4996.469 ,4996.441 
2005/07/18,4997.138 ,4997.187 ,4997.260 ,4997.260 ,4997.232 ,4996.971 ,4997.029 ,4997.085 ,4997.080 ,4997.048 ,4996.628 ,4996.683 ,4996.760 ,4996.748 ,4996.731 ,4996.384 ,4996.437 ,4996.498 ,4996.463 ,4996.435 
2005/08/20,4997.136 ,4997.186 ,4997.259 ,4997.259 ,4997.232 ,4996.967 ,4997.027 ,4997.083 ,4997.078 ,4997.047 ,4996.625 ,4996.681 ,4996.757 ,4996.745 ,4996.729 ,4996.382 ,4996.431 ,4996.496 ,4996.461 ,4996.430 
2005/09/20,4997.133 ,4997.184 ,4997.258 ,4997.259 ,4997.231 ,4996.963 ,4997.024 ,4997.081 ,4997.077 ,4997.045 ,4996.622 ,4996.678 ,4996.755 ,4996.742 ,4996.727 ,4996.380 ,4996.425 ,4996.493 ,4996.459 ,4996.426 
2005/10/19,4997.130 ,4997.182 ,4997.257 ,4997.257 ,4997.234 ,4996.960 ,4997.019 ,4997.078 ,4997.076 ,4997.049 ,4996.620 ,4996.672 ,4996.755 ,4996.746 ,4996.734 ,4996.378 ,4996.434 ,4996.495 ,4996.462 ,4996.439 
2005/11/20,4997.123 ,4997.172 ,4997.252 ,4997.256 ,4997.238 ,4996.949 ,4997.009 ,4997.071 ,4997.074 ,4997.054 ,4996.609 ,4996.662 ,4996.749 ,4996.742 ,4996.736 ,4996.376 ,4996.427 ,4996.492 ,4996.462 ,4996.443 
2005/12/20,4997.115 ,4997.165 ,4997.245 ,4997.250 ,4997.233 ,4996.940 ,4996.999 ,4997.062 ,4997.069 ,4997.049 ,4996.602 ,4996.659 ,4996.741 ,4996.737 ,4996.732 ,4996.365 ,4996.420 ,4996.482 ,4996.452 ,4996.434 
2006/01/20,4997.112 ,4997.163 ,4997.245 ,4997.250 ,4997.236 ,4996.939 ,4996.999 ,4997.060 ,4997.067 ,4997.050 ,4996.602 ,4996.654 ,4996.741 ,4996.737 ,4996.732 ,4996.361 ,4996.416 ,4996.485 ,4996.457 ,4996.439 
2006/02/20,4997.110 ,4997.161 ,4997.243 ,4997.248 ,4997.236 ,4996.937 ,4996.996 ,4997.059 ,4997.063 ,4997.048 ,4996.597 ,4996.653 ,4996.737 ,4996.733 ,4996.729 ,4996.359 ,4996.415 ,4996.482 ,4996.453 ,4996.436 
2006/03/20,4997.111 ,4997.159 ,4997.241 ,4997.247 ,4997.235 ,4996.937 ,4996.995 ,4997.059 ,4997.063 ,4997.047 ,4996.599 ,4996.653 ,4996.737 ,4996.733 ,4996.727 ,4996.361 ,4996.415 ,4996.480 ,4996.451 ,4996.435 
2006/04/20,4997.112 ,4997.160 ,4997.241 ,4997.248 ,4997.234 ,4996.935 ,4996.994 ,4997.057 ,4997.062 ,4997.044 ,4996.595 ,4996.651 ,4996.736 ,4996.732 ,4996.725 ,4996.359 ,4996.416 ,4996.482 ,4996.453 ,4996.433 
2006/05/23,4997.113 ,4997.162 ,4997.241 ,4997.250 ,4997.234 ,4996.933 ,4996.993 ,4997.056 ,4997.062 ,4997.042 ,4996.592 ,4996.649 ,4996.735 ,4996.732 ,4996.723 ,4996.358 ,4996.417 ,4996.485 ,4996.455 ,4996.432 
2006/06/23,4997.107 ,4997.159 ,4997.238 ,4997.246 ,4997.227 ,4996.927 ,4996.986 ,4997.051 ,4997.057 ,4997.036 ,4996.585 ,4996.644 ,4996.731 ,4996.727 ,4996.718 ,4996.355 ,4996.412 ,4996.479 ,4996.450 ,4996.426 
2006/07/18,4997.106 ,4997.156 ,4997.239 ,4997.248 ,4997.228 ,4996.924 ,4996.985 ,4997.048 ,4997.058 ,4997.035 ,4996.582 ,4996.637 ,4996.728 ,4996.723 ,4996.712 ,4996.355 ,4996.411 ,4996.478 ,4996.448 ,4996.424 
2006/08/21,4997.104 ,4997.156 ,4997.236 ,4997.245 ,4997.224 ,4996.923 ,4996.982 ,4997.049 ,4997.056 ,4997.037 ,4996.577 ,4996.632 ,4996.729 ,4996.727 ,4996.718 ,4996.356 ,4996.410 ,4996.479 ,4996.452 ,4996.429 
2006/09/19,4997.100 ,4997.152 ,4997.235 ,4997.245 ,4997.225 ,4996.916 ,4996.978 ,4997.046 ,4997.055 ,4997.034 ,4996.569 ,4996.629 ,4996.727 ,4996.726 ,4996.717 ,4996.353 ,4996.408 ,4996.476 ,4996.450 ,4996.427 
2006/10/17,4997.082 ,4997.139 ,4997.225 ,4997.238 ,4997.221 ,4996.899 ,4996.964 ,4997.036 ,4997.048 ,4997.034 ,4996.560 ,4996.622 ,4996.718 ,4996.721 ,4996.717 ,4996.341 ,4996.395 ,4996.472 ,4996.444 ,4996.425 
2006/11/19,4997.073 ,4997.130 ,4997.220 ,4997.237 ,4997.222 ,4996.883 ,4996.954 ,4997.022 ,4997.040 ,4997.036 ,4996.551 ,4996.614 ,4996.708 ,4996.715 ,4996.717 ,4996.333 ,4996.387 ,4996.468 ,4996.443 ,4996.431 
2006/12/17,4997.066 ,4997.122 ,4997.214 ,4997.235 ,4997.218 ,4996.868 ,4996.941 ,4997.015 ,4997.034 ,4997.034 ,4996.546 ,4996.606 ,4996.701 ,4996.711 ,4996.716 ,4996.324 ,4996.380 ,4996.469 ,4996.440 ,4996.431 
2007/01/17,4997.066 ,4997.122 ,4997.214 ,4997.235 ,4997.218 ,4996.860 ,4996.937 ,4997.015 ,4997.034 ,4997.034 ,4996.543 ,4996.603 ,4996.701 ,4996.711 ,4996.716 ,4996.324 ,4996.380 ,4996.467 ,4996.440 ,4996.431 
2007/02/21,4997.077 ,4997.131 ,4997.223 ,4997.241 ,4997.226 ,4996.855 ,4996.935 ,4997.023 ,4997.041 ,4997.042 ,4996.542 ,4996.602 ,4996.704 ,4996.712 ,4996.712 ,4996.328 ,4996.372 ,4996.468 ,4996.450 ,4996.436 
2007/03/19,4997.075 ,4997.129 ,4997.221 ,4997.237 ,4997.223 ,4996.853 ,4996.932 ,4997.021 ,4997.039 ,4997.040 ,4996.543 ,4996.602 ,4996.705 ,4996.712 ,4996.712 ,4996.331 ,4996.372 ,4996.467 ,4996.452 ,4996.438 
2007/04/18,4997.071 ,4997.130 ,4997.221 ,4997.237 ,4997.219 ,4996.850 ,4996.930 ,4997.019 ,4997.037 ,4997.035 ,4996.543 ,4996.600 ,4996.702 ,4996.710 ,4996.708 ,4996.326 ,4996.367 ,4996.464 ,4996.447 ,4996.431 
2007/05/19,4997.074 ,4997.130 ,4997.221 ,4997.238 ,4997.216 ,4996.849 ,4996.931 ,4997.020 ,4997.039 ,4997.035 ,4996.537 ,4996.600 ,4996.704 ,4996.712 ,4996.708 ,4996.323 ,4996.369 ,4996.463 ,4996.448 ,4996.427 
2007/06/18,4997.065 ,4997.123 ,4997.214 ,4997.232 ,4997.210 ,4996.848 ,4996.929 ,4997.019 ,4997.038 ,4997.034 ,4996.535 ,4996.601 ,4996.704 ,4996.713 ,4996.707 ,4996.319 ,4996.366 ,4996.462 ,4996.445 ,4996.425 
2007/07/20,4997.063 ,4997.122 ,4997.215 ,4997.233 ,4997.209 ,4996.842 ,4996.927 ,4997.018 ,4997.037 ,4997.033 ,4996.532 ,4996.598 ,4996.702 ,4996.712 ,4996.707 ,4996.317 ,4996.363 ,4996.460 ,4996.445 ,4996.425 
2007/08/18,4997.066 ,4997.124 ,4997.216 ,4997.237 ,4997.214 ,4996.842 ,4996.925 ,4997.016 ,4997.035 ,4997.032 ,4996.529 ,4996.596 ,4996.700 ,4996.712 ,4996.706 ,4996.320 ,4996.361 ,4996.464 ,4996.449 ,4996.428 
2007/09/20,4997.061 ,4997.118 ,4997.215 ,4997.234 ,4997.211 ,4996.836 ,4996.923 ,4997.014 ,4997.034 ,4997.032 ,4996.525 ,4996.590 ,4996.696 ,4996.710 ,4996.703 ,4996.313 ,4996.363 ,4996.461 ,4996.448 ,4996.428 
2007/11/19,4997.061 ,4997.118 ,4997.215 ,4997.234 ,4997.211 ,4996.836 ,4996.923 ,4997.014 ,4997.034 ,4997.032 ,4996.525 ,4996.590 ,4996.696 ,4996.710 ,4996.703 ,4996.313 ,4996.363 ,4996.461 ,4996.448 ,4996.428 
2007/12/19,4997.050 ,4997.109 ,4997.208 ,4997.229 ,4997.211 ,4996.836 ,4996.918 ,4997.010 ,4997.029 ,4997.030 ,4996.524 ,4996.588 ,4996.692 ,4996.705 ,4996.702 ,4996.311 ,4996.360 ,4996.459 ,4996.443 ,4996.428 
2008/01/19,4997.050 ,4997.109 ,4997.208 ,4997.229 ,4997.211 ,4996.825 ,4996.913 ,4997.007 ,4997.029 ,4997.030 ,4996.518 ,4996.584 ,4996.689 ,4996.705 ,4996.702 ,4996.303 ,4996.356 ,4996.459 ,4996.443 ,4996.432 
2008/02/18,4997.047 ,4997.106 ,4997.205 ,4997.226 ,4997.209 ,4996.824 ,4996.912 ,4997.005 ,4997.028 ,4997.031 ,4996.516 ,4996.585 ,4996.689 ,4996.704 ,4996.703 ,4996.300 ,4996.352 ,4996.455 ,4996.442 ,4996.430 
2008/03/19,4997.046 ,4997.103 ,4997.202 ,4997.223 ,4997.206 ,4996.823 ,4996.909 ,4997.002 ,4997.025 ,4997.028 ,4996.514 ,4996.580 ,4996.685 ,4996.701 ,4996.700 ,4996.297 ,4996.349 ,4996.452 ,4996.437 ,4996.426 
2008/04/19,4997.045 ,4997.099 ,4997.200 ,4997.221 ,4997.203 ,4996.821 ,4996.905 ,4996.999 ,4997.023 ,4997.025 ,4996.513 ,4996.574 ,4996.681 ,4996.698 ,4996.696 ,4996.295 ,4996.345 ,4996.449 ,4996.432 ,4996.422 
2008/05/20,4997.037 ,4997.093 ,4997.194 ,4997.215 ,4997.193 ,4996.814 ,4996.901 ,4996.995 ,4997.017 ,4997.019 ,4996.503 ,4996.574 ,4996.680 ,4996.694 ,4996.688 ,4996.290 ,4996.343 ,4996.446 ,4996.430 ,4996.416 
2008/06/20,4997.034 ,4997.089 ,4997.191 ,4997.213 ,4997.190 ,4996.810 ,4996.895 ,4996.991 ,4997.015 ,4997.015 ,4996.497 ,4996.569 ,4996.675 ,4996.693 ,4996.685 ,4996.281 ,4996.335 ,4996.443 ,4996.426 ,4996.412 
2008/07/20,4997.028 ,4997.088 ,4997.188 ,4997.210 ,4997.188 ,4996.812 ,4996.894 ,4996.989 ,4997.012 ,4997.014 ,4996.495 ,4996.570 ,4996.674 ,4996.691 ,4996.682 ,4996.282 ,4996.337 ,4996.443 ,4996.428 ,4996.409 
2008/08/19,4997.029 ,4997.090 ,4997.191 ,4997.213 ,4997.189 ,4996.805 ,4996.894 ,4996.990 ,4997.014 ,4997.015 ,4996.494 ,4996.566 ,4996.672 ,4996.689 ,4996.681 ,4996.279 ,4996.335 ,4996.441 ,4996.425 ,4996.409 
2008/09/19,4997.023 ,4997.085 ,4997.188 ,4997.210 ,4997.196 ,4996.800 ,4996.891 ,4996.989 ,4997.012 ,4997.014 ,4996.492 ,4996.565 ,4996.673 ,4996.691 ,4996.679 ,4996.278 ,4996.334 ,4996.441 ,4996.428 ,4996.412 
2008/10/19,4997.023 ,4997.083 ,4997.186 ,4997.211 ,4997.191 ,4996.798 ,4996.887 ,4996.984 ,4997.012 ,4997.015 ,4996.491 ,4996.563 ,4996.672 ,4996.690 ,4996.678 ,4996.278 ,4996.333 ,4996.440 ,4996.427 ,4996.414 
2008/11/19,4997.025 ,4997.085 ,4997.190 ,4997.212 ,4997.197 ,4996.796 ,4996.885 ,4996.982 ,4997.011 ,4997.021 ,4996.495 ,4996.560 ,4996.670 ,4996.687 ,4996.681 ,4996.282 ,4996.334 ,4996.440 ,4996.427 ,4996.417 
2008/12/19,4997.024 ,4997.083 ,4997.187 ,4997.213 ,4997.200 ,4996.792 ,4996.881 ,4996.981 ,4997.011 ,4997.023 ,4996.489 ,4996.559 ,4996.668 ,4996.689 ,4996.683 ,4996.281 ,4996.332 ,4996.440 ,4996.429 ,4996.420 
2009/01/19,4997.024 ,4997.083 ,4997.187 ,4997.213 ,4997.200 ,4996.792 ,4996.881 ,4996.981 ,4997.011 ,4997.023 ,4996.489 ,4996.559 ,4996.668 ,4996.689 ,4996.683 ,4996.281 ,4996.332 ,4996.440 ,4996.429 ,4996.420 
2009/03/19,4997.026 ,4997.083 ,4997.187 ,4997.212 ,4997.198 ,4996.795 ,4996.882 ,4996.981 ,4997.011 ,4997.024 ,4996.492 ,4996.555 ,4996.668 ,4996.689 ,4996.684 ,4996.281 ,4996.334 ,4996.441 ,4996.433 ,4996.419 
2009/04/19,4997.023 ,4997.081 ,4997.185 ,4997.210 ,4997.192 ,4996.793 ,4996.879 ,4996.978 ,4997.009 ,4997.019 ,4996.488 ,4996.557 ,4996.666 ,4996.687 ,4996.679 ,4996.278 ,4996.333 ,4996.441 ,4996.431 ,4996.417 
2009/05/20,4997.015 ,4997.073 ,4997.177 ,4997.203 ,4997.180 ,4996.785 ,4996.874 ,4996.972 ,4997.002 ,4997.012 ,4996.477 ,4996.551 ,4996.660 ,4996.681 ,4996.671 ,4996.269 ,4996.328 ,4996.435 ,4996.424 ,4996.406 
2009/06/20,4997.012 ,4997.073 ,4997.179 ,4997.206 ,4997.181 ,4996.783 ,4996.873 ,4996.973 ,4997.003 ,4997.012 ,4996.477 ,4996.553 ,4996.663 ,4996.684 ,4996.668 ,4996.264 ,4996.327 ,4996.435 ,4996.423 ,4996.407 
2009/07/20,4997.006 ,4997.070 ,4997.174 ,4997.202 ,4997.178 ,4996.779 ,4996.869 ,4996.970 ,4997.000 ,4997.009 ,4996.473 ,4996.547 ,4996.659 ,4996.686 ,4996.666 ,4996.264 ,4996.325 ,4996.436 ,4996.425 ,4996.405 
2009/08/19,4997.005 ,4997.068 ,4997.172 ,4997.200 ,4997.177 ,4996.776 ,4996.867 ,4996.968 ,4997.000 ,4997.008 ,4996.470 ,4996.548 ,4996.657 ,4996.680 ,4996.664 ,4996.263 ,4996.323 ,4996.432 ,4996.421 ,4996.405 
2009/09/20,4997.002 ,4997.067 ,4997.172 ,4997.199 ,4997.175 ,4996.772 ,4996.864 ,4996.967 ,4996.999 ,4997.007 ,4996.467 ,4996.543 ,4996.655 ,4996.678 ,4996.660 ,4996.260 ,4996.321 ,4996.429 ,4996.420 ,4996.400 
2009/10/20,4996.998 ,4997.064 ,4997.170 ,4997.199 ,4997.177 ,4996.768 ,4996.861 ,4996.965 ,4996.998 ,4997.007 ,4996.464 ,4996.542 ,4996.657 ,4996.679 ,4996.658 ,4996.259 ,4996.320 ,4996.427 ,4996.421 ,4996.402 
2009/11/20,4996.998 ,4997.061 ,4997.169 ,4997.200 ,4997.182 ,4996.764 ,4996.857 ,4996.962 ,4996.998 ,4997.012 ,4996.465 ,4996.538 ,4996.650 ,4996.678 ,4996.662 ,4996.258 ,4996.317 ,4996.427 ,4996.419 ,4996.409 
2009/12/19,4997.000 ,4997.063 ,4997.173 ,4997.205 ,4997.191 ,4996.760 ,4996.854 ,4996.962 ,4997.000 ,4997.017 ,4996.463 ,4996.538 ,4996.650 ,4996.679 ,4996.664 ,4996.259 ,4996.318 ,4996.431 ,4996.423 ,4996.414 
2010/01/21,4997.000 ,4997.063 ,4997.175 ,4997.207 ,4997.194 ,4996.762 ,4996.855 ,4996.962 ,4997.002 ,4997.020 ,4996.463 ,4996.540 ,4996.652 ,4996.680 ,4996.666 ,4996.260 ,4996.318 ,4996.427 ,4996.425 ,4996.417 
2010/02/21,4997.001 ,4997.065 ,4997.175 ,4997.207 ,4997.194 ,4996.764 ,4996.857 ,4996.964 ,4997.003 ,4997.022 ,4996.464 ,4996.542 ,4996.655 ,4996.681 ,4996.668 ,4996.257 ,4996.320 ,4996.430 ,4996.427 ,4996.419 
2010/03/20,4997.003 ,4997.066 ,4997.175 ,4997.207 ,4997.194 ,4996.766 ,4996.859 ,4996.966 ,4997.004 ,4997.024 ,4996.465 ,4996.544 ,4996.657 ,4996.683 ,4996.670 ,4996.257 ,4996.314 ,4996.433 ,4996.428 ,4996.420 
2010/04/19,4996.995 ,4997.059 ,4997.168 ,4997.200 ,4997.184 ,4996.759 ,4996.851 ,4996.960 ,4996.996 ,4997.015 ,4996.457 ,4996.535 ,4996.649 ,4996.677 ,4996.660 ,4996.253 ,4996.315 ,4996.428 ,4996.418 ,4996.411 
2010/05/20,4996.989 ,4997.053 ,4997.162 ,4997.194 ,4997.176 ,4996.752 ,4996.847 ,4996.956 ,4996.993 ,4997.010 ,4996.451 ,4996.529 ,4996.646 ,4996.673 ,4996.655 ,4996.248 ,4996.310 ,4996.424 ,4996.417 ,4996.399 
2010/06/20,4996.983 ,4997.050 ,4997.160 ,4997.192 ,4997.173 ,4996.748 ,4996.844 ,4996.953 ,4996.990 ,4997.006 ,4996.446 ,4996.527 ,4996.644 ,4996.670 ,4996.648 ,4996.244 ,4996.307 ,4996.421 ,4996.414 ,4996.400 
2010/07/20,4996.979 ,4997.048 ,4997.158 ,4997.192 ,4997.171 ,4996.744 ,4996.842 ,4996.951 ,4996.989 ,4997.006 ,4996.444 ,4996.527 ,4996.643 ,4996.670 ,4996.646 ,4996.244 ,4996.306 ,4996.421 ,4996.414 ,4996.401 
2010/08/21,4996.974 ,4997.044 ,4997.157 ,4997.189 ,4997.169 ,4996.739 ,4996.838 ,4996.950 ,4996.989 ,4997.004 ,4996.440 ,4996.523 ,4996.641 ,4996.669 ,4996.645 ,4996.240 ,4996.305 ,4996.419 ,4996.413 ,4996.399 
2010/09/18,4996.976 ,4997.044 ,4997.156 ,4997.189 ,4997.169 ,4996.738 ,4996.837 ,4996.949 ,4996.988 ,4997.005 ,4996.440 ,4996.524 ,4996.640 ,4996.669 ,4996.646 ,4996.238 ,4996.304 ,4996.418 ,4996.412 ,4996.399 
2010/10/20,4996.972 ,4997.044 ,4997.155 ,4997.189 ,4997.171 ,4996.732 ,4996.833 ,4996.943 ,4996.984 ,4997.003 ,4996.437 ,4996.521 ,4996.639 ,4996.668 ,4996.642 ,4996.237 ,4996.303 ,4996.418 ,4996.414 ,4996.402 
2010/11/19,4996.972 ,4997.044 ,4997.155 ,4997.189 ,4997.171 ,4996.732 ,4996.833 ,4996.943 ,4996.984 ,4997.003 ,4996.437 ,4996.521 ,4996.639 ,4996.668 ,4996.642 ,4996.237 ,4996.303 ,4996.418 ,4996.414 ,4996.402 
2010/12/19,4996.971 ,4997.031 ,4997.157 ,4997.193 ,4997.178 ,4996.729 ,4996.832 ,4996.943 ,4996.984 ,4997.006 ,4996.436 ,4996.518 ,4996.640 ,4996.669 ,4996.643 ,4996.236 ,4996.303 ,4996.422 ,4996.415 ,4996.406 
2011/01/18,4996.972 ,4997.032 ,4997.158 ,4997.195 ,4997.180 ,4996.729 ,4996.831 ,4996.943 ,4996.985 ,4997.006 ,4996.436 ,4996.525 ,4996.641 ,4996.671 ,4996.644 ,4996.236 ,4996.306 ,4996.426 ,4996.419 ,4996.409 
2011/02/22,4996.969 ,4997.028 ,4997.155 ,4997.191 ,4997.177 ,4996.726 ,4996.830 ,4996.942 ,4996.983 ,4997.007 ,4996.435 ,4996.519 ,4996.639 ,4996.669 ,4996.643 ,4996.230 ,4996.301 ,4996.421 ,4996.416 ,4996.405 
2011/03/19,4996.968 ,4997.033 ,4997.155 ,4997.192 ,4997.178 ,4996.729 ,4996.833 ,4996.940 ,4996.986 ,4997.006 ,4996.430 ,4996.516 ,4996.639 ,4996.668 ,4996.638 ,4996.233 ,4996.303 ,4996.419 ,4996.417 ,4996.405 
2011/04/19,4996.969 ,4997.030 ,4997.154 ,4997.192 ,4997.174 ,4996.727 ,4996.828 ,4996.942 ,4996.985 ,4997.005 ,4996.430 ,4996.513 ,4996.636 ,4996.666 ,4996.638 ,4996.231 ,4996.301 ,4996.421 ,4996.416 ,4996.402 
2011/05/19,4996.964 ,4997.027 ,4997.152 ,4997.186 ,4997.168 ,4996.717 ,4996.824 ,4996.936 ,4996.979 ,4996.998 ,4996.426 ,4996.512 ,4996.634 ,4996.662 ,4996.633 ,4996.225 ,4996.297 ,4996.420 ,4996.410 ,4996.395 
2011/06/19,4996.956 ,4997.017 ,4997.144 ,4997.180 ,4997.161 ,4996.714 ,4996.818 ,4996.931 ,4996.973 ,4996.993 ,4996.420 ,4996.506 ,4996.628 ,4996.659 ,4996.625 ,4996.219 ,4996.296 ,4996.414 ,4996.406 ,4996.392 
2011/07/19,4996.947 ,4997.012 ,4997.141 ,4997.173 ,4997.158 ,4996.706 ,4996.811 ,4996.930 ,4996.974 ,4996.994 ,4996.418 ,4996.504 ,4996.626 ,4996.656 ,4996.623 ,4996.216 ,4996.289 ,4996.413 ,4996.406 ,4996.387 
2011/08/17,4996.950 ,4997.012 ,4997.140 ,4997.178 ,4997.159 ,4996.709 ,4996.814 ,4996.930 ,4996.974 ,4996.993 ,4996.415 ,4996.504 ,4996.627 ,4996.658 ,4996.622 ,4996.213 ,4996.288 ,4996.409 ,4996.404 ,4996.389 
2011/09/19,4996.956 ,4997.015 ,4997.140 ,4997.179 ,4997.158 ,4996.707 ,4996.813 ,4996.929 ,4996.974 ,4996.993 ,4996.414 ,4996.504 ,4996.626 ,4996.659 ,4996.621 ,4996.213 ,4996.289 ,4996.411 ,4996.405 ,4996.390 
2011/10/18,4996.947 ,4997.011 ,4997.142 ,4997.177 ,4997.158 ,4996.703 ,4996.812 ,4996.928 ,4996.974 ,4996.995 ,4996.411 ,4996.498 ,4996.625 ,4996.657 ,4996.620 ,4996.211 ,4996.286 ,4996.411 ,4996.407 ,4996.391 
2011/11/18,4996.951 ,4997.015 ,4997.141 ,4997.181 ,4997.167 ,4996.705 ,4996.809 ,4996.927 ,4996.975 ,4996.998 ,4996.407 ,4996.495 ,4996.625 ,4996.656 ,4996.621 ,4996.211 ,4996.285 ,4996.410 ,4996.406 ,4996.393 
2011/12/21,4996.947 ,4997.012 ,4997.138 ,4997.178 ,4997.165 ,4996.701 ,4996.807 ,4996.927 ,4996.974 ,4997.001 ,4996.413 ,4996.498 ,4996.622 ,4996.657 ,4996.622 ,4996.209 ,4996.287 ,4996.409 ,4996.405 ,4996.396 
2012/02/18,4996.947 ,4997.012 ,4997.138 ,4997.178 ,4997.165 ,4996.701 ,4996.807 ,4996.927 ,4996.974 ,4997.001 ,4996.413 ,4996.498 ,4996.622 ,4996.657 ,4996.622 ,4996.209 ,4996.287 ,4996.409 ,4996.405 ,4996.396 
2012/04/18,4996.947 ,4997.010 ,4997.136 ,4997.179 ,4997.161 ,4996.700 ,4996.808 ,4996.928 ,4996.973 ,4996.997 ,4996.412 ,4996.499 ,4996.620 ,4996.656 ,4996.620 ,4996.207 ,4996.289 ,4996.415 ,4996.411 ,4996.396 
2012/05/20,4996.942 ,4997.008 ,4997.130 ,4997.173 ,4997.154 ,4996.695 ,4996.806 ,4996.925 ,4996.970 ,4996.994 ,4996.410 ,4996.497 ,4996.620 ,4996.653 ,4996.615 ,4996.206 ,4996.285 ,4996.412 ,4996.406 ,4996.391 
2012/06/19,4996.938 ,4997.004 ,4997.128 ,4997.170 ,4997.150 ,4996.692 ,4996.801 ,4996.922 ,4996.968 ,4996.990 ,4996.404 ,4996.494 ,4996.617 ,4996.652 ,4996.616 ,4996.203 ,4996.285 ,4996.410 ,4996.404 ,4996.390 
2012/07/18,4996.941 ,4997.009 ,4997.132 ,4997.176 ,4997.155 ,4996.694 ,4996.806 ,4996.925 ,4996.971 ,4996.993 ,4996.402 ,4996.497 ,4996.620 ,4996.653 ,4996.614 ,4996.206 ,4996.289 ,4996.413 ,4996.409 ,4996.390 
2012/08/18,4996.934 ,4997.001 ,4997.128 ,4997.170 ,4997.147 ,4996.685 ,4996.797 ,4996.920 ,4996.967 ,4996.989 ,4996.399 ,4996.490 ,4996.616 ,4996.650 ,4996.607 ,4996.204 ,4996.280 ,4996.405 ,4996.403 ,4996.384 
2012/09/18,4996.930 ,4996.998 ,4997.127 ,4997.172 ,4997.145 ,4996.680 ,4996.795 ,4996.921 ,4996.965 ,4996.992 ,4996.396 ,4996.493 ,4996.615 ,4996.649 ,4996.604 ,4996.197 ,4996.280 ,4996.407 ,4996.402 ,4996.384 
2012/10/18,4996.925 ,4996.997 ,4997.124 ,4997.166 ,4997.144 ,4996.679 ,4996.792 ,4996.916 ,4996.964 ,4996.986 ,4996.396 ,4996.487 ,4996.615 ,4996.647 ,4996.601 ,4996.194 ,4996.273 ,4996.402 ,4996.399 ,4996.386 
2012/11/19,4996.925 ,4996.995 ,4997.120 ,4997.165 ,4997.147 ,4996.679 ,4996.794 ,4996.918 ,4996.964 ,4996.989 ,4996.399 ,4996.487 ,4996.613 ,4996.650 ,4996.604 ,4996.196 ,4996.276 ,4996.403 ,4996.402 ,4996.390 
2012/12/18,4996.926 ,4996.995 ,4997.120 ,4997.165 ,4997.149 ,4996.675 ,4996.788 ,4996.921 ,4996.962 ,4996.991 ,4996.401 ,4996.487 ,4996.608 ,4996.649 ,4996.601 ,4996.201 ,4996.284 ,4996.404 ,4996.402 ,4996.389 
2013/01/18,4996.926 ,4996.995 ,4997.120 ,4997.165 ,4997.149 ,4996.675 ,4996.788 ,4996.921 ,4996.962 ,4996.991 ,4996.401 ,4996.487 ,4996.608 ,4996.649 ,4996.601 ,4996.201 ,4996.284 ,4996.404 ,4996.402 ,4996.389 
2013/02/18,4996.936 ,4997.001 ,4997.123 ,4997.166 ,4997.150 ,4996.682 ,4996.792 ,4996.926 ,4996.965 ,4996.994 ,4996.398 ,4996.494 ,4996.606 ,4996.645 ,4996.601 ,4996.197 ,4996.278 ,4996.400 ,4996.397 ,4996.385 
2013/03/18,4996.935 ,4996.996 ,4997.121 ,4997.164 ,4997.149 ,4996.683 ,4996.793 ,4996.925 ,4996.965 ,4996.995 ,4996.398 ,4996.496 ,4996.608 ,4996.644 ,4996.600 ,4996.198 ,4996.279 ,4996.398 ,4996.398 ,4996.381 
2013/04/17,4996.939 ,4997.000 ,4997.125 ,4997.165 ,4997.151 ,4996.684 ,4996.795 ,4996.928 ,4996.971 ,4996.997 ,4996.397 ,4996.498 ,4996.610 ,4996.649 ,4996.605 ,4996.204 ,4996.280 ,4996.404 ,4996.402 ,4996.387 
2013/06/19,4996.930 ,4996.998 ,4997.122 ,4997.163 ,4997.143 ,4996.677 ,4996.791 ,4996.926 ,4996.964 ,4996.991 ,4996.391 ,4996.498 ,4996.609 ,4996.647 ,4996.595 ,4996.194 ,4996.280 ,4996.401 ,4996.399 ,4996.380 
2013/07/03,4996.929 ,4996.996 ,4997.115 ,4997.161 ,4997.140 ,4996.672 ,4996.793 ,4996.924 ,4996.964 ,4996.990 ,4996.387 ,4996.495 ,4996.609 ,4996.645 ,4996.593 ,4996.191 ,4996.278 ,4996.403 ,4996.396 ,4996.377 
2013/08/04,4996.924 ,4997.002 ,4997.116 ,4997.158 ,4997.136 ,4996.669 ,4996.787 ,4996.923 ,4996.962 ,4996.987 ,4996.385 ,4996.492 ,4996.603 ,4996.642 ,4996.584 ,4996.188 ,4996.275 ,4996.398 ,4996.396 ,4996.377 
2013/09/03,4996.923 ,4997.004 ,4997.118 ,4997.161 ,4997.138 ,4996.667 ,4996.784 ,4996.919 ,4996.960 ,4996.987 ,4996.385 ,4996.492 ,4996.600 ,4996.639 ,4996.582 ,4996.187 ,4996.278 ,4996.399 ,4996.395 ,4996.377 
2013/10/03,4996.923 ,4997.004 ,4997.118 ,4997.161 ,4997.138 ,4996.667 ,4996.784 ,4996.919 ,4996.960 ,4996.987 ,4996.385 ,4996.492 ,4996.600 ,4996.639 ,4996.582 ,4996.187 ,4996.278 ,4996.399 ,4996.395 ,4996.377 
2013/11/03,4996.924 ,4997.001 ,4997.119 ,4997.162 ,4997.139 ,4996.664 ,4996.780 ,4996.917 ,4996.964 ,4996.990 ,4996.382 ,4996.485 ,4996.594 ,4996.637 ,4996.579 ,4996.191 ,4996.279 ,4996.397 ,4996.395 ,4996.378 
2013/12/05,4996.914 ,4996.987 ,4997.107 ,4997.155 ,4997.136 ,4996.652 ,4996.771 ,4996.910 ,4996.960 ,4996.986 ,4996.379 ,4996.482 ,4996.588 ,4996.631 ,4996.574 ,4996.182 ,4996.279 ,4996.391 ,4996.388 ,4996.376 
2014/01/03,4996.914 ,4996.987 ,4997.107 ,4997.155 ,4997.136 ,4996.652 ,4996.771 ,4996.910 ,4996.960 ,4996.986 ,4996.379 ,4996.482 ,4996.588 ,4996.631 ,4996.574 ,4996.182 ,4996.279 ,4996.391 ,4996.388 ,4996.376 
2014/03/03,4996.911 ,4996.982 ,4997.102 ,4997.150 ,4997.130 ,4996.652 ,4996.771 ,4996.911 ,4996.959 ,4996.985 ,4996.378 ,4996.484 ,4996.588 ,4996.630 ,4996.573 ,4996.176 ,4996.274 ,4996.389 ,4996.383 ,4996.371 
2014/04/03,4996.910 ,4996.981 ,4997.101 ,4997.149 ,4997.129 ,4996.654 ,4996.770 ,4996.910 ,4996.960 ,4996.986 ,4996.376 ,4996.482 ,4996.587 ,4996.623 ,4996.573 ,4996.182 ,4996.274 ,4996.386 ,4996.380 ,4996.370 
2014/05/03,4996.907 ,4996.981 ,4997.103 ,4997.149 ,4997.127 ,4996.650 ,4996.771 ,4996.912 ,4996.960 ,4996.983 ,4996.375 ,4996.485 ,4996.588 ,4996.631 ,4996.572 ,4996.180 ,4996.276 ,4996.390 ,4996.385 ,4996.370 
2014/06/03,4996.901 ,4996.977 ,4997.095 ,4997.144 ,4997.117 ,4996.643 ,4996.765 ,4996.907 ,4996.953 ,4996.973 ,4996.367 ,4996.477 ,4996.585 ,4996.620 ,4996.564 ,4996.172 ,4996.273 ,4996.385 ,4996.380 ,4996.365 
2014/07/05,4996.898 ,4996.975 ,4997.096 ,4997.141 ,4997.114 ,4996.638 ,4996.764 ,4996.905 ,4996.952 ,4996.973 ,4996.365 ,4996.475 ,4996.582 ,4996.623 ,4996.556 ,4996.174 ,4996.272 ,4996.385 ,4996.380 ,4996.364 
2014/08/03,4996.902 ,4996.980 ,4997.101 ,4997.148 ,4997.118 ,4996.642 ,4996.768 ,4996.911 ,4996.958 ,4996.980 ,4996.370 ,4996.481 ,4996.585 ,4996.629 ,4996.558 ,4996.176 ,4996.278 ,4996.392 ,4996.387 ,4996.369 
2014/09/03,4996.904 ,4996.979 ,4997.098 ,4997.148 ,4997.116 ,4996.639 ,4996.772 ,4996.915 ,4996.962 ,4996.980 ,4996.367 ,4996.486 ,4996.593 ,4996.633 ,4996.555 ,4996.177 ,4996.282 ,4996.395 ,4996.392 ,4996.371 
2014/10/03,4996.896 ,4996.975 ,4997.092 ,4997.147 ,4997.110 ,4996.632 ,4996.760 ,4996.902 ,4996.953 ,4996.975 ,4996.361 ,4996.473 ,4996.581 ,4996.624 ,4996.543 ,4996.169 ,4996.269 ,4996.382 ,4996.381 ,4996.364 
2014/11/03,4996.898 ,4996.973 ,4997.098 ,4997.146 ,4997.113 ,4996.633 ,4996.759 ,4996.905 ,4996.956 ,4996.976 ,4996.364 ,4996.473 ,4996.583 ,4996.627 ,4996.544 ,4996.174 ,4996.275 ,4996.387 ,4996.383 ,4996.369 
2014/12/04,4996.891 ,4996.966 ,4997.088 ,4997.139 ,4997.106 ,4996.626 ,4996.751 ,4996.897 ,4996.949 ,4996.971 ,4996.357 ,4996.469 ,4996.576 ,4996.615 ,4996.530 ,4996.166 ,4996.267 ,4996.380 ,4996.376 ,4996.359 
